gender,activity_time_in,activity_time_out
female,2024-03-05 13:47:19.733557+07:00,2024-03-05 13:47:19.733557+07:00
female,2024-03-05 13:47:19.733557+07:00,2024-03-05 13:47:19.733557+07:00
female,2024-03-05 13:47:23.133574+07:00,2024-03-05 13:47:23.133574+07:00
female,2024-03-05 13:47:23.133574+07:00,2024-03-05 13:47:23.133574+07:00
female,2024-03-05 13:49:18.134149+07:00,2024-03-05 13:49:18.134149+07:00
female,2024-03-05 13:49:59.534356+07:00,2024-03-05 13:49:59.534356+07:00
female,2024-03-05 13:50:01.534366+07:00,2024-03-05 13:50:01.534366+07:00
female,2024-03-05 13:50:06.734392+07:00,2024-03-05 13:50:06.734392+07:00
female,2024-03-05 13:50:14.001095+07:00,2024-03-05 13:50:14.001095+07:00
female,2024-03-05 13:50:57.401312+07:00,2024-03-05 13:50:57.401312+07:00
female,2024-03-05 13:52:51.001880+07:00,2024-03-05 13:52:51.001880+07:00
female,2024-03-05 13:53:15.735337+07:00,2024-03-05 13:53:15.735337+07:00
female,2024-03-05 13:53:35.335435+07:00,2024-03-05 13:53:35.335435+07:00
female,2024-03-05 13:53:36.068772+07:00,2024-03-05 13:53:36.068772+07:00
female,2024-03-05 13:53:40.735462+07:00,2024-03-05 13:53:40.735462+07:00
female,2024-03-05 13:53:45.268818+07:00,2024-03-05 13:53:45.268818+07:00
female,2024-03-05 13:53:51.202181+07:00,2024-03-05 13:53:51.202181+07:00
female,2024-03-05 13:53:51.868851+07:00,2024-03-05 13:53:51.868851+07:00
female,2024-03-05 13:53:54.002195+07:00,2024-03-05 13:53:54.002195+07:00
female,2024-03-05 13:53:57.202211+07:00,2024-03-05 13:53:57.202211+07:00
female,2024-03-05 13:54:00.402227+07:00,2024-03-05 13:54:00.402227+07:00
female,2024-03-05 13:54:01.068897+07:00,2024-03-05 13:54:01.068897+07:00
female,2024-03-05 13:54:03.602243+07:00,2024-03-05 13:54:03.602243+07:00
female,2024-03-05 13:54:08.402267+07:00,2024-03-05 13:54:08.402267+07:00
female,2024-03-05 13:54:20.335660+07:00,2024-03-05 13:54:20.335660+07:00
female,2024-03-05 13:54:23.802344+07:00,2024-03-05 13:54:23.802344+07:00
female,2024-03-05 13:54:35.469069+07:00,2024-03-05 13:54:35.469069+07:00
female,2024-03-05 13:54:58.402517+07:00,2024-03-05 13:54:58.402517+07:00
female,2024-03-05 13:55:14.469264+07:00,2024-03-05 13:55:14.469264+07:00
female,2024-03-05 13:55:22.269303+07:00,2024-03-05 13:55:22.269303+07:00
female,2024-03-05 13:56:02.469504+07:00,2024-03-05 13:56:02.469504+07:00
female,2024-03-05 13:56:06.136189+07:00,2024-03-05 13:56:06.136189+07:00
female,2024-03-05 13:56:22.069602+07:00,2024-03-05 13:56:22.069602+07:00
female,2024-03-05 13:56:34.802999+07:00,2024-03-05 13:56:34.802999+07:00
female,2024-03-05 13:56:39.936358+07:00,2024-03-05 13:56:39.936358+07:00
female,2024-03-05 13:56:40.736362+07:00,2024-03-05 13:56:40.736362+07:00
female,2024-03-05 13:56:49.336405+07:00,2024-03-05 13:56:49.336405+07:00
female,2024-03-05 13:56:51.203081+07:00,2024-03-05 13:56:51.203081+07:00
female,2024-03-05 13:56:56.336440+07:00,2024-03-05 13:56:56.336440+07:00
female,2024-03-05 13:57:04.803149+07:00,2024-03-05 13:57:04.803149+07:00
female,2024-03-05 13:57:08.536501+07:00,2024-03-05 13:57:08.536501+07:00
female,2024-03-05 13:57:14.536531+07:00,2024-03-05 13:57:14.536531+07:00
female,2024-03-05 13:57:25.403252+07:00,2024-03-05 13:57:25.403252+07:00
female,2024-03-05 13:57:45.670020+07:00,2024-03-05 13:57:45.670020+07:00
female,2024-03-05 13:57:48.403367+07:00,2024-03-05 13:57:48.403367+07:00
female,2024-03-05 13:57:51.203381+07:00,2024-03-05 13:57:51.203381+07:00
female,2024-03-05 13:57:52.536721+07:00,2024-03-05 13:57:52.536721+07:00
female,2024-03-05 13:58:00.136759+07:00,2024-03-05 13:58:00.136759+07:00
female,2024-03-05 13:58:05.936788+07:00,2024-03-05 13:58:05.936788+07:00
female,2024-03-05 13:58:15.603503+07:00,2024-03-05 13:58:15.603503+07:00
female,2024-03-05 13:58:22.936873+07:00,2024-03-05 13:58:22.936873+07:00
female,2024-03-05 13:58:29.870241+07:00,2024-03-05 13:58:29.870241+07:00
female,2024-03-05 13:58:44.070312+07:00,2024-03-05 13:58:44.070312+07:00
female,2024-03-05 13:58:45.470319+07:00,2024-03-05 13:58:45.470319+07:00
female,2024-03-05 13:58:55.937038+07:00,2024-03-05 13:58:55.937038+07:00
female,2024-03-05 13:59:09.670440+07:00,2024-03-05 13:59:09.670440+07:00
female,2024-03-05 13:59:10.337110+07:00,2024-03-05 13:59:10.337110+07:00
female,2024-03-05 13:59:19.470489+07:00,2024-03-05 13:59:19.470489+07:00
female,2024-03-05 13:59:28.270533+07:00,2024-03-05 13:59:28.270533+07:00
female,2024-03-05 13:59:53.003990+07:00,2024-03-05 13:59:53.003990+07:00
female,2024-03-05 13:59:55.137334+07:00,2024-03-05 13:59:55.137334+07:00
female,2024-03-05 14:00:07.870731+07:00,2024-03-05 14:00:07.870731+07:00
female,2024-03-05 14:00:34.337530+07:00,2024-03-05 14:00:34.337530+07:00
female,2024-03-05 14:00:34.670865+07:00,2024-03-05 14:00:34.670865+07:00
female,2024-03-05 14:00:38.470884+07:00,2024-03-05 14:00:38.470884+07:00
female,2024-03-05 14:00:48.070932+07:00,2024-03-05 14:00:48.070932+07:00
male,2024-03-05 13:46:41.066697+07:00,2024-03-05 13:46:41.066697+07:00
male,2024-03-05 13:46:41.066697+07:00,2024-03-05 13:46:41.066697+07:00
male,2024-03-05 13:47:05.800154+07:00,2024-03-05 13:47:05.800154+07:00
male,2024-03-05 13:47:05.800154+07:00,2024-03-05 13:47:05.800154+07:00
male,2024-03-05 13:47:12.400187+07:00,2024-03-05 13:47:12.400187+07:00
male,2024-03-05 13:47:12.400187+07:00,2024-03-05 13:47:12.400187+07:00
male,2024-03-05 13:47:24.533581+07:00,2024-03-05 13:47:24.533581+07:00
male,2024-03-05 13:47:24.533581+07:00,2024-03-05 13:47:24.533581+07:00
male,2024-03-05 13:47:26.400257+07:00,2024-03-05 13:47:26.400257+07:00
male,2024-03-05 13:47:26.400257+07:00,2024-03-05 13:47:26.400257+07:00
male,2024-03-05 13:47:29.266938+07:00,2024-03-05 13:47:29.266938+07:00
male,2024-03-05 13:47:29.266938+07:00,2024-03-05 13:47:29.266938+07:00
male,2024-03-05 13:49:01.000730+07:00,2024-03-05 13:49:01.000730+07:00
male,2024-03-05 13:49:20.934163+07:00,2024-03-05 13:49:20.934163+07:00
male,2024-03-05 13:51:48.268233+07:00,2024-03-05 13:51:48.268233+07:00
male,2024-03-05 13:52:02.068302+07:00,2024-03-05 13:52:02.068302+07:00
male,2024-03-05 13:52:44.201846+07:00,2024-03-05 13:52:44.201846+07:00
male,2024-03-05 13:52:47.335195+07:00,2024-03-05 13:52:47.335195+07:00
male,2024-03-05 13:52:53.401892+07:00,2024-03-05 13:52:53.401892+07:00
male,2024-03-05 13:53:14.001995+07:00,2024-03-05 13:53:14.001995+07:00
male,2024-03-05 13:53:18.935353+07:00,2024-03-05 13:53:18.935353+07:00
male,2024-03-05 13:53:20.335360+07:00,2024-03-05 13:53:20.335360+07:00
male,2024-03-05 13:53:26.802059+07:00,2024-03-05 13:53:26.802059+07:00
male,2024-03-05 13:54:22.402337+07:00,2024-03-05 13:54:22.402337+07:00
male,2024-03-05 13:54:57.135844+07:00,2024-03-05 13:54:57.135844+07:00
male,2024-03-05 13:55:59.736157+07:00,2024-03-05 13:55:59.736157+07:00
male,2024-03-05 13:56:08.136199+07:00,2024-03-05 13:56:08.136199+07:00
male,2024-03-05 13:56:14.602898+07:00,2024-03-05 13:56:14.602898+07:00
male,2024-03-05 13:56:42.269703+07:00,2024-03-05 13:56:42.269703+07:00
male,2024-03-05 13:56:45.069717+07:00,2024-03-05 13:56:45.069717+07:00
male,2024-03-05 13:56:52.069752+07:00,2024-03-05 13:56:52.069752+07:00
male,2024-03-05 13:56:52.803089+07:00,2024-03-05 13:56:52.803089+07:00
male,2024-03-05 13:56:56.136439+07:00,2024-03-05 13:56:56.136439+07:00
male,2024-03-05 13:57:11.869851+07:00,2024-03-05 13:57:11.869851+07:00
male,2024-03-05 13:57:13.003190+07:00,2024-03-05 13:57:13.003190+07:00
male,2024-03-05 13:57:37.203311+07:00,2024-03-05 13:57:37.203311+07:00
male,2024-03-05 13:57:49.136704+07:00,2024-03-05 13:57:49.136704+07:00
male,2024-03-05 13:57:52.936723+07:00,2024-03-05 13:57:52.936723+07:00
male,2024-03-05 13:57:56.270073+07:00,2024-03-05 13:57:56.270073+07:00
male,2024-03-05 13:58:06.203456+07:00,2024-03-05 13:58:06.203456+07:00
male,2024-03-05 13:58:06.803459+07:00,2024-03-05 13:58:06.803459+07:00
male,2024-03-05 13:58:07.336795+07:00,2024-03-05 13:58:07.336795+07:00
male,2024-03-05 13:58:41.070297+07:00,2024-03-05 13:58:41.070297+07:00
male,2024-03-05 13:59:04.137079+07:00,2024-03-05 13:59:04.137079+07:00
male,2024-03-05 13:59:42.003935+07:00,2024-03-05 13:59:42.003935+07:00
male,2024-03-05 13:59:49.203971+07:00,2024-03-05 13:59:49.203971+07:00
male,2024-03-05 14:00:02.537371+07:00,2024-03-05 14:00:02.537371+07:00
male,2024-03-05 14:00:10.670745+07:00,2024-03-05 14:00:10.670745+07:00
male,2024-03-05 14:00:38.604218+07:00,2024-03-05 14:00:38.604218+07:00
male,2024-03-05 14:00:39.670890+07:00,2024-03-05 14:00:39.670890+07:00
male,2024-03-05 14:00:41.670900+07:00,2024-03-05 14:00:41.670900+07:00
male,2024-03-05 14:00:54.404297+07:00,2024-03-05 14:00:54.404297+07:00
male,2024-03-05 14:01:17.471079+07:00,2024-03-05 14:01:17.471079+07:00
